Accuracy,False Negatives,False Positives,Iteration,Negatives,Positives,True Negatives,True Positives
0.5363790186125211,287.2,260.8,0.0,608.0,574.0,347.2,286.8
0.5,287.0,304.0,1.0,608.0,574.0,304.0,287.0
0.5,287.0,304.0,2.0,608.0,574.0,304.0,287.0
0.5,287.0,304.0,3.0,608.0,574.0,304.0,287.0
0.573688663282572,354.4,149.5,4.0,608.0,574.0,458.5,219.6
0.5858714043993232,116.8,372.7,5.0,608.0,574.0,235.3,457.2
0.53917089678511,172.2,372.5,6.0,608.0,574.0,235.5,401.8
0.5,287.0,304.0,7.0,608.0,574.0,304.0,287.0
0.5021996615905244,287.6,300.8,8.0,608.0,574.0,307.2,286.4
0.5134517766497462,210.3,364.8,9.0,608.0,574.0,243.2,363.7
0.5028764805414552,344.4,243.2,10.0,608.0,574.0,364.8,229.6
0.5,287.0,304.0,11.0,608.0,574.0,304.0,287.0
0.549238578680203,287.0,245.8,12.0,608.0,574.0,362.2,287.0
0.4971235194585448,229.6,364.8,13.0,608.0,574.0,243.2,344.4
0.5028764805414552,344.4,243.2,14.0,608.0,574.0,364.8,229.6
0.5086294416243654,459.2,121.6,15.0,608.0,574.0,486.4,114.8
0.5028764805414552,344.4,243.2,16.0,608.0,574.0,364.8,229.6
0.5028764805414552,344.4,243.2,17.0,608.0,574.0,364.8,229.6
0.5,287.0,304.0,18.0,608.0,574.0,304.0,287.0
0.5,287.0,304.0,19.0,608.0,574.0,304.0,287.0
0.5028764805414552,344.4,243.2,20.0,608.0,574.0,364.8,229.6
0.500253807106599,286.7,304.0,21.0,608.0,574.0,304.0,287.3
0.4967005076142132,229.6,365.3,22.0,608.0,574.0,242.7,344.4
0.5,287.0,304.0,23.0,608.0,574.0,304.0,287.0
0.5028764805414552,344.4,243.2,24.0,608.0,574.0,364.8,229.6
0.4971235194585448,229.6,364.8,25.0,608.0,574.0,243.2,344.4
0.4971235194585448,229.6,364.8,26.0,608.0,574.0,243.2,344.4
0.5057529610829102,401.8,182.4,27.0,608.0,574.0,425.6,172.2
0.5057529610829102,401.8,182.4,28.0,608.0,574.0,425.6,172.2
0.49424703891708965,172.2,425.6,29.0,608.0,574.0,182.4,401.8
0.49094754653130285,176.1,425.6,30.0,608.0,574.0,182.4,397.9
0.5,287.0,304.0,31.0,608.0,574.0,304.0,287.0
0.5483925549915398,229.8,304.0,32.0,608.0,574.0,304.0,344.2
0.5666666666666667,287.2,225.0,33.0,608.0,574.0,383.0,286.8
0.5541455160744501,344.6,182.4,34.0,608.0,574.0,425.6,229.4
0.5483925549915398,229.8,304.0,35.0,608.0,574.0,304.0,344.2
0.5570219966159052,402.0,121.6,36.0,608.0,574.0,486.4,172.0
0.5483925549915398,229.8,304.0,37.0,608.0,574.0,304.0,344.2
0.5455160744500847,172.4,364.8,38.0,608.0,574.0,243.2,401.6
0.5456852791878173,172.2,364.8,39.0,608.0,574.0,243.2,401.8
0.5426395939086295,115.0,425.6,40.0,608.0,574.0,182.4,459.0
0.5483925549915398,229.8,304.0,41.0,608.0,574.0,304.0,344.2
0.5512690355329949,287.2,243.2,42.0,608.0,574.0,364.8,286.8
0.5483925549915398,229.8,304.0,43.0,608.0,574.0,304.0,344.2
0.5455160744500847,172.4,364.8,44.0,608.0,574.0,243.2,401.6
0.5483925549915398,229.8,304.0,45.0,608.0,574.0,304.0,344.2
0.5483925549915398,229.8,304.0,46.0,608.0,574.0,304.0,344.2
0.5541455160744501,344.6,182.4,47.0,608.0,574.0,425.6,229.4
0.551269035532995,287.2,243.2,48.0,608.0,574.0,364.8,286.8
0.5538071065989848,223.4,304.0,49.0,608.0,574.0,304.0,350.6
0.5426395939086295,115.0,425.6,50.0,608.0,574.0,182.4,459.0
0.5541455160744501,344.6,182.4,51.0,608.0,574.0,425.6,229.4
0.5483925549915398,229.8,304.0,52.0,608.0,574.0,304.0,344.2
0.5483925549915398,229.8,304.0,53.0,608.0,574.0,304.0,344.2
0.5570219966159052,402.0,121.6,54.0,608.0,574.0,486.4,172.0
0.5483925549915398,229.8,304.0,55.0,608.0,574.0,304.0,344.2
0.5483925549915398,229.8,304.0,56.0,608.0,574.0,304.0,344.2
0.551269035532995,287.2,243.2,57.0,608.0,574.0,364.8,286.8
0.5455160744500847,172.4,364.8,58.0,608.0,574.0,243.2,401.6
0.5455160744500847,172.4,364.8,59.0,608.0,574.0,243.2,401.6
0.5455160744500847,172.4,364.8,60.0,608.0,574.0,243.2,401.6
0.5483925549915398,229.8,304.0,61.0,608.0,574.0,304.0,344.2
0.5426395939086295,115.0,425.6,62.0,608.0,574.0,182.4,459.0
0.5368866328257191,0.2,547.2,63.0,608.0,574.0,60.8,573.8
0.5483925549915398,229.8,304.0,64.0,608.0,574.0,304.0,344.2
0.5541455160744501,344.6,182.4,65.0,608.0,574.0,425.6,229.4
0.5570219966159052,402.0,121.6,66.0,608.0,574.0,486.4,172.0
0.5541455160744501,344.6,182.4,67.0,608.0,574.0,425.6,229.4
0.5570219966159052,402.0,121.6,68.0,608.0,574.0,486.4,172.0
0.551269035532995,287.2,243.2,69.0,608.0,574.0,364.8,286.8
0.5426395939086295,115.0,425.6,70.0,608.0,574.0,182.4,459.0
0.5596446700507614,188.4,332.1,71.0,608.0,574.0,275.9,385.6
0.551269035532995,287.2,243.2,72.0,608.0,574.0,364.8,286.8
0.551269035532995,287.2,243.2,73.0,608.0,574.0,364.8,286.8
0.5541455160744501,344.6,182.4,74.0,608.0,574.0,425.6,229.4
0.5570219966159052,402.0,121.6,75.0,608.0,574.0,486.4,172.0
0.5570219966159052,341.2,182.4,76.0,608.0,574.0,425.6,232.8
0.5741116751269035,321.0,182.4,77.0,608.0,574.0,425.6,253.0
0.551269035532995,287.2,243.2,78.0,608.0,574.0,364.8,286.8
0.5512690355329949,287.2,243.2,79.0,608.0,574.0,364.8,286.8
0.5231810490693739,320.4,243.2,80.0,608.0,574.0,364.8,253.6
0.5455160744500847,172.4,364.8,81.0,608.0,574.0,243.2,401.6
0.5426395939086295,115.0,425.6,82.0,608.0,574.0,182.4,459.0
0.5570219966159052,402.0,121.6,83.0,608.0,574.0,486.4,172.0
0.5455160744500847,172.4,364.8,84.0,608.0,574.0,243.2,401.6
0.5541455160744501,344.6,182.4,85.0,608.0,574.0,425.6,229.4
0.5541455160744501,344.6,182.4,86.0,608.0,574.0,425.6,229.4
0.5483925549915398,229.8,304.0,87.0,608.0,574.0,304.0,344.2
0.5512690355329949,287.2,243.2,88.0,608.0,574.0,364.8,286.8
0.5512690355329949,287.2,243.2,89.0,608.0,574.0,364.8,286.8
0.5599830795262267,459.4,60.7,90.0,608.0,574.0,547.3,114.6
0.6025380710659898,287.4,182.4,91.0,608.0,574.0,425.6,286.6
0.5967851099830795,172.6,304.0,92.0,608.0,574.0,304.0,401.4
0.605414551607445,344.8,121.6,93.0,608.0,574.0,486.4,229.2
0.5996615905245346,230.0,243.2,94.0,608.0,574.0,364.8,344.0
0.5996615905245346,230.0,243.2,95.0,608.0,574.0,364.8,344.0
0.5967851099830795,172.6,304.0,96.0,608.0,574.0,304.0,401.4
0.5996615905245346,230.0,243.2,97.0,608.0,574.0,364.8,344.0
0.5996615905245347,230.0,243.2,98.0,608.0,574.0,364.8,344.0
0.5967851099830795,172.6,304.0,99.0,608.0,574.0,304.0,401.4
0.5996615905245347,230.0,243.2,100.0,608.0,574.0,364.8,344.0
0.5996615905245346,230.0,243.2,101.0,608.0,574.0,364.8,344.0
0.5939086294416244,115.2,364.8,102.0,608.0,574.0,243.2,458.8
0.594585448392555,115.2,364.0,103.0,608.0,574.0,244.0,458.8
0.5996615905245346,230.0,243.2,104.0,608.0,574.0,364.8,344.0
0.6025380710659898,287.4,182.4,105.0,608.0,574.0,425.6,286.6
0.5996615905245347,230.0,243.2,106.0,608.0,574.0,364.8,344.0
0.605414551607445,284.0,182.4,107.0,608.0,574.0,425.6,290.0
0.6025380710659898,287.4,182.4,108.0,608.0,574.0,425.6,286.6
0.6025380710659898,287.4,182.4,109.0,608.0,574.0,425.6,286.6
0.6117597292724197,215.3,243.6,110.0,608.0,574.0,364.4,358.7
0.5967851099830795,172.6,304.0,111.0,608.0,574.0,304.0,401.4
0.5996615905245347,230.0,243.2,112.0,608.0,574.0,364.8,344.0
0.6247884940778342,139.5,304.0,113.0,608.0,574.0,304.0,434.5
0.5967851099830795,172.6,304.0,114.0,608.0,574.0,304.0,401.4
0.5939086294416244,115.2,364.8,115.0,608.0,574.0,243.2,458.8
0.605414551607445,344.8,121.6,116.0,608.0,574.0,486.4,229.2
0.6025380710659898,287.4,182.4,117.0,608.0,574.0,425.6,286.6
0.605414551607445,344.8,121.6,118.0,608.0,574.0,486.4,229.2
0.6026226734348562,287.4,182.3,119.0,608.0,574.0,425.7,286.6
0.5996615905245347,230.0,243.2,120.0,608.0,574.0,364.8,344.0
0.5996615905245347,230.0,243.2,121.0,608.0,574.0,364.8,344.0
0.5967851099830795,172.6,304.0,122.0,608.0,574.0,304.0,401.4
0.5967851099830795,172.6,304.0,123.0,608.0,574.0,304.0,401.4
0.5939086294416244,115.2,364.8,124.0,608.0,574.0,243.2,458.8
0.5996615905245346,230.0,243.2,125.0,608.0,574.0,364.8,344.0
0.6025380710659898,287.4,182.4,126.0,608.0,574.0,425.6,286.6
0.6062605752961083,283.0,182.4,127.0,608.0,574.0,425.6,291.0
0.5967851099830795,172.6,304.0,128.0,608.0,574.0,304.0,401.4
0.5996615905245347,230.0,243.2,129.0,608.0,574.0,364.8,344.0
0.5967851099830795,172.6,304.0,130.0,608.0,574.0,304.0,401.4
0.5967851099830795,172.6,304.0,131.0,608.0,574.0,304.0,401.4
0.6025380710659898,287.4,182.4,132.0,608.0,574.0,425.6,286.6
0.5967851099830795,172.6,304.0,133.0,608.0,574.0,304.0,401.4
0.5967851099830795,172.6,304.0,134.0,608.0,574.0,304.0,401.4
0.6082910321489001,402.2,60.8,135.0,608.0,574.0,547.2,171.8
0.5967851099830795,172.6,304.0,136.0,608.0,574.0,304.0,401.4
0.5960236886632826,234.3,243.2,137.0,608.0,574.0,364.8,339.7
0.5521996615905246,104.1,425.2,138.0,608.0,574.0,182.8,469.9
0.5996615905245346,230.0,243.2,139.0,608.0,574.0,364.8,344.0
0.5967851099830795,172.6,304.0,140.0,608.0,574.0,304.0,401.4
0.5969543147208122,172.4,304.0,141.0,608.0,574.0,304.0,401.6
0.5939086294416244,115.2,364.8,142.0,608.0,574.0,243.2,458.8
0.5996615905245347,230.0,243.2,143.0,608.0,574.0,364.8,344.0
0.6025380710659898,287.4,182.4,144.0,608.0,574.0,425.6,286.6
0.6025380710659898,287.4,182.4,145.0,608.0,574.0,425.6,286.6
0.5967851099830795,172.6,304.0,146.0,608.0,574.0,304.0,401.4
0.5996615905245347,230.0,243.2,147.0,608.0,574.0,364.8,344.0
0.5939086294416244,115.2,364.8,148.0,608.0,574.0,243.2,458.8
0.5939086294416244,115.2,364.8,149.0,608.0,574.0,243.2,458.8
0.5996615905245346,230.0,243.2,150.0,608.0,574.0,364.8,344.0
0.5996615905245347,230.0,243.2,151.0,608.0,574.0,364.8,344.0
0.6025380710659898,287.4,182.4,152.0,608.0,574.0,425.6,286.6
0.5910321489001692,57.8,425.6,153.0,608.0,574.0,182.4,516.2
0.6510152284263959,230.1,182.4,154.0,608.0,574.0,425.6,343.9
0.6481387478849407,172.7,243.2,155.0,608.0,574.0,364.8,401.3
0.6538917089678511,287.5,121.6,156.0,608.0,574.0,486.4,286.5
0.6452622673434856,115.3,304.0,157.0,608.0,574.0,304.0,458.7
0.6510152284263959,230.1,182.4,158.0,608.0,574.0,425.6,343.9
0.6423857868020304,57.9,364.8,159.0,608.0,574.0,243.2,516.1
0.6452622673434856,115.3,304.0,160.0,608.0,574.0,304.0,458.7
0.6481387478849407,172.7,243.2,161.0,608.0,574.0,364.8,401.3
0.6481387478849407,172.7,243.2,162.0,608.0,574.0,364.8,401.3
0.6452622673434856,115.3,304.0,163.0,608.0,574.0,304.0,458.7
0.6980541455160745,172.7,184.2,164.0,608.0,574.0,423.8,401.3
0.6781725888324873,57.9,322.5,165.0,608.0,574.0,285.5,516.1
0.6452622673434856,115.3,304.0,166.0,608.0,574.0,304.0,458.7
0.6538917089678511,287.5,121.6,167.0,608.0,574.0,486.4,286.5
0.6510152284263959,230.1,182.4,168.0,608.0,574.0,425.6,343.9
0.6692047377326565,172.7,218.3,169.0,608.0,574.0,389.7,401.3
0.6481387478849407,172.7,243.2,170.0,608.0,574.0,364.8,401.3
0.6481387478849407,172.7,243.2,171.0,608.0,574.0,364.8,401.3
0.6452622673434856,115.3,304.0,172.0,608.0,574.0,304.0,458.7
0.6420473773265651,58.3,364.8,173.0,608.0,574.0,243.2,515.7
0.6481387478849407,172.7,243.2,174.0,608.0,574.0,364.8,401.3
0.6452622673434856,115.3,304.0,175.0,608.0,574.0,304.0,458.7
0.6398477157360406,344.8,80.9,176.0,608.0,574.0,527.1,229.2
0.6481387478849407,172.7,243.2,177.0,608.0,574.0,364.8,401.3
0.6423857868020304,57.9,364.8,178.0,608.0,574.0,243.2,516.1
0.6510152284263959,230.1,182.4,179.0,608.0,574.0,425.6,343.9
0.6538917089678511,287.5,121.6,180.0,608.0,574.0,486.4,286.5
0.6481387478849407,172.7,243.2,181.0,608.0,574.0,364.8,401.3
0.6481387478849407,172.7,243.2,182.0,608.0,574.0,364.8,401.3
0.6538917089678511,287.5,121.6,183.0,608.0,574.0,486.4,286.5
0.6481387478849407,172.7,243.2,184.0,608.0,574.0,364.8,401.3
0.6481387478849407,172.7,243.2,185.0,608.0,574.0,364.8,401.3
0.6452622673434856,115.3,304.0,186.0,608.0,574.0,304.0,458.7
0.6538917089678511,287.5,121.6,187.0,608.0,574.0,486.4,286.5
0.6481387478849407,172.7,243.2,188.0,608.0,574.0,364.8,401.3
0.6510152284263959,230.1,182.4,189.0,608.0,574.0,425.6,343.9
0.6009306260575296,169.3,302.4,190.0,608.0,574.0,305.6,404.7
0.6567681895093063,344.9,60.8,191.0,608.0,574.0,547.2,229.1
0.6510152284263959,230.1,182.4,192.0,608.0,574.0,425.6,343.9
0.6538917089678511,287.5,121.6,193.0,608.0,574.0,486.4,286.5
0.6423857868020304,57.9,364.8,194.0,608.0,574.0,243.2,516.1
0.6452622673434856,115.3,304.0,195.0,608.0,574.0,304.0,458.7
0.6538917089678511,287.5,121.6,196.0,608.0,574.0,486.4,286.5
0.6567681895093063,344.9,60.8,197.0,608.0,574.0,547.2,229.1
0.6452622673434856,115.3,304.0,198.0,608.0,574.0,304.0,458.7
0.6538917089678511,287.5,121.6,199.0,608.0,574.0,486.4,286.5
0.6423857868020304,57.9,364.8,200.0,608.0,574.0,243.2,516.1
0.6445008460236886,57.9,362.3,201.0,608.0,574.0,245.7,516.1
0.6481387478849407,172.7,243.2,202.0,608.0,574.0,364.8,401.3
0.6596446700507614,402.3,0.0,203.0,608.0,574.0,608.0,171.7
0.6510152284263959,230.1,182.4,204.0,608.0,574.0,425.6,343.9
0.6481387478849407,172.7,243.2,205.0,608.0,574.0,364.8,401.3
0.6481387478849407,172.7,243.2,206.0,608.0,574.0,364.8,401.3
0.6510152284263959,230.1,182.4,207.0,608.0,574.0,425.6,343.9
0.6481387478849407,172.7,243.2,208.0,608.0,574.0,364.8,401.3
0.6510152284263959,230.1,182.4,209.0,608.0,574.0,425.6,343.9
0.6538917089678511,287.5,121.6,210.0,608.0,574.0,486.4,286.5
0.6510152284263959,230.1,182.4,211.0,608.0,574.0,425.6,343.9
0.6538917089678511,287.5,121.6,212.0,608.0,574.0,486.4,286.5
0.6538917089678511,287.5,121.6,213.0,608.0,574.0,486.4,286.5
0.6538917089678511,287.5,121.6,214.0,608.0,574.0,486.4,286.5
0.6481387478849407,172.7,243.2,215.0,608.0,574.0,364.8,401.3
0.6423857868020304,57.9,364.8,216.0,608.0,574.0,243.2,516.1
0.6538917089678511,287.5,121.6,217.0,608.0,574.0,486.4,286.5
0.6538917089678511,287.5,121.6,218.0,608.0,574.0,486.4,286.5
0.6510152284263959,230.1,182.4,219.0,608.0,574.0,425.6,343.9
0.6510152284263959,230.1,182.4,220.0,608.0,574.0,425.6,343.9
0.6696277495769882,208.1,182.4,221.0,608.0,574.0,425.6,365.9
0.6792724196277496,257.5,121.6,222.0,608.0,574.0,486.4,316.5
0.6452622673434856,115.3,304.0,223.0,608.0,574.0,304.0,458.7
0.6481387478849407,172.7,243.2,224.0,608.0,574.0,364.8,401.3
0.6481387478849407,172.7,243.2,225.0,608.0,574.0,364.8,401.3
0.6452622673434856,115.3,304.0,226.0,608.0,574.0,304.0,458.7
0.6538917089678511,287.5,121.6,227.0,608.0,574.0,486.4,286.5
0.6481387478849407,172.7,243.2,228.0,608.0,574.0,364.8,401.3
0.6538917089678511,287.5,121.6,229.0,608.0,574.0,486.4,286.5
0.6510152284263959,230.1,182.4,230.0,608.0,574.0,425.6,343.9
0.6423857868020304,57.9,364.8,231.0,608.0,574.0,243.2,516.1
0.6295262267343487,134.7,303.2,232.0,608.0,574.0,304.8,439.3
0.6452622673434856,115.3,304.0,233.0,608.0,574.0,304.0,458.7
0.6481387478849407,172.7,243.2,234.0,608.0,574.0,364.8,401.3
0.6993231810490694,233.7,121.7,235.0,608.0,574.0,486.3,340.3
0.6581218274111675,221.7,182.4,236.0,608.0,574.0,425.6,352.3
0.6496615905245348,172.7,241.4,237.0,608.0,574.0,366.6,401.3
0.6510152284263959,230.1,182.4,238.0,608.0,574.0,425.6,343.9
0.6538917089678511,287.5,121.6,239.0,608.0,574.0,486.4,286.5
0.6971235194585448,175.4,182.6,240.0,608.0,574.0,425.4,398.6
0.6452622673434856,115.3,304.0,241.0,608.0,574.0,304.0,458.7
0.6510152284263959,230.1,182.4,242.0,608.0,574.0,425.6,343.9
0.6567681895093063,344.9,60.8,243.0,608.0,574.0,547.2,229.1
0.6423857868020304,57.9,364.8,244.0,608.0,574.0,243.2,516.1
0.6423857868020304,57.9,364.8,245.0,608.0,574.0,243.2,516.1
0.6423857868020304,57.9,364.8,246.0,608.0,574.0,243.2,516.1
0.6423857868020304,118.7,304.0,247.0,608.0,574.0,304.0,455.3
0.6510152284263959,230.1,182.4,248.0,608.0,574.0,425.6,343.9
0.6510152284263959,230.1,182.4,249.0,608.0,574.0,425.6,343.9
0.6452622673434856,115.3,304.0,250.0,608.0,574.0,304.0,458.7
0.6452622673434856,115.3,304.0,251.0,608.0,574.0,304.0,458.7
0.6481387478849407,172.7,243.2,252.0,608.0,574.0,364.8,401.3
0.6481387478849407,172.7,243.2,253.0,608.0,574.0,364.8,401.3
0.6481387478849407,172.7,243.2,254.0,608.0,574.0,364.8,401.3
0.6538917089678511,287.5,121.6,255.0,608.0,574.0,486.4,286.5
0.6538917089678511,287.5,121.6,256.0,608.0,574.0,486.4,286.5
0.6567681895093063,344.9,60.8,257.0,608.0,574.0,547.2,229.1
0.6560067681895093,223.0,183.6,258.0,608.0,574.0,424.4,351.0
0.6033840947546532,230.1,238.7,259.0,608.0,574.0,369.3,343.9
0.6481387478849407,172.7,243.2,260.0,608.0,574.0,364.8,401.3
0.6481387478849407,172.7,243.2,261.0,608.0,574.0,364.8,401.3
0.6538917089678511,287.5,121.6,262.0,608.0,574.0,486.4,286.5
0.6510152284263959,230.1,182.4,263.0,608.0,574.0,425.6,343.9
0.686886632825719,187.1,183.0,264.0,608.0,574.0,425.0,386.9
0.6538917089678511,287.5,121.6,265.0,608.0,574.0,486.4,286.5
0.6481387478849407,172.7,243.2,266.0,608.0,574.0,364.8,401.3
0.6510152284263959,230.1,182.4,267.0,608.0,574.0,425.6,343.9
0.649746192893401,172.7,241.3,268.0,608.0,574.0,366.7,401.3
0.6481387478849407,172.7,243.2,269.0,608.0,574.0,364.8,401.3
0.6481387478849407,172.7,243.2,270.0,608.0,574.0,364.8,401.3
0.699238578680203,173.1,182.4,271.0,608.0,574.0,425.6,400.9
0.6869712351945855,248.4,121.6,272.0,608.0,574.0,486.4,325.6
0.7021150592216582,230.5,121.6,273.0,608.0,574.0,486.4,343.5
0.7021150592216582,230.5,121.6,274.0,608.0,574.0,486.4,343.5
0.7078680203045685,345.3,0.0,275.0,608.0,574.0,608.0,228.7
0.7049915397631134,287.9,60.8,276.0,608.0,574.0,547.2,286.1
0.699238578680203,173.1,182.4,277.0,608.0,574.0,425.6,400.9
0.7021150592216582,230.5,121.6,278.0,608.0,574.0,486.4,343.5
0.6963620981387478,115.7,243.2,279.0,608.0,574.0,364.8,458.3
0.699238578680203,173.1,182.4,280.0,608.0,574.0,425.6,400.9
0.6963620981387479,115.7,243.2,281.0,608.0,574.0,364.8,458.3
0.6963620981387479,115.7,243.2,282.0,608.0,574.0,364.8,458.3
0.699238578680203,173.1,182.4,283.0,608.0,574.0,425.6,400.9
0.6963620981387478,115.7,243.2,284.0,608.0,574.0,364.8,458.3
0.6934856175972928,58.3,304.0,285.0,608.0,574.0,304.0,515.7
0.7049915397631134,287.9,60.8,286.0,608.0,574.0,547.2,286.1
0.7076142131979696,222.8,122.8,287.0,608.0,574.0,485.2,351.2
0.7049915397631134,287.9,60.8,288.0,608.0,574.0,547.2,286.1
0.6934856175972928,58.3,304.0,289.0,608.0,574.0,304.0,515.7
0.7078680203045685,345.3,0.0,290.0,608.0,574.0,608.0,228.7
0.699238578680203,173.1,182.4,291.0,608.0,574.0,425.6,400.9
0.7021150592216582,230.5,121.6,292.0,608.0,574.0,486.4,343.5
0.7049915397631134,287.9,60.8,293.0,608.0,574.0,547.2,286.1
0.699238578680203,173.1,182.4,294.0,608.0,574.0,425.6,400.9
0.699238578680203,173.1,182.4,295.0,608.0,574.0,425.6,400.9
0.6934856175972928,58.3,304.0,296.0,608.0,574.0,304.0,515.7
0.6963620981387479,115.7,243.2,297.0,608.0,574.0,364.8,458.3
0.7049915397631134,287.9,60.8,298.0,608.0,574.0,547.2,286.1
0.7072758037225043,224.4,121.6,299.0,608.0,574.0,486.4,349.6
0.7021150592216582,230.5,121.6,300.0,608.0,574.0,486.4,343.5
0.7021150592216582,230.5,121.6,301.0,608.0,574.0,486.4,343.5
0.699238578680203,173.1,182.4,302.0,608.0,574.0,425.6,400.9
0.7049915397631134,287.9,60.8,303.0,608.0,574.0,547.2,286.1
0.7021150592216582,230.5,121.6,304.0,608.0,574.0,486.4,343.5
0.699238578680203,173.1,182.4,305.0,608.0,574.0,425.6,400.9
0.7021150592216582,230.5,121.6,306.0,608.0,574.0,486.4,343.5
0.6994077834179357,173.1,182.2,307.0,608.0,574.0,425.8,400.9
0.6988155668358714,173.6,182.4,308.0,608.0,574.0,425.6,400.4
0.7021150592216582,230.5,121.6,309.0,608.0,574.0,486.4,343.5
0.699238578680203,173.1,182.4,310.0,608.0,574.0,425.6,400.9
0.6963620981387478,115.7,243.2,311.0,608.0,574.0,364.8,458.3
0.699238578680203,173.1,182.4,312.0,608.0,574.0,425.6,400.9
0.6963620981387479,115.7,243.2,313.0,608.0,574.0,364.8,458.3
0.6906091370558376,0.9,364.8,314.0,608.0,574.0,243.2,573.1
0.699238578680203,173.1,182.4,315.0,608.0,574.0,425.6,400.9
0.6991539763113368,173.2,182.4,316.0,608.0,574.0,425.6,400.8
0.7021150592216582,230.5,121.6,317.0,608.0,574.0,486.4,343.5
0.7021150592216582,230.5,121.6,318.0,608.0,574.0,486.4,343.5
0.699238578680203,173.1,182.4,319.0,608.0,574.0,425.6,400.9
0.699238578680203,173.1,182.4,320.0,608.0,574.0,425.6,400.9
0.7021150592216582,230.5,121.6,321.0,608.0,574.0,486.4,343.5
0.7021150592216582,230.5,121.6,322.0,608.0,574.0,486.4,343.5
0.7021150592216582,230.5,121.6,323.0,608.0,574.0,486.4,343.5
0.7021150592216582,230.5,121.6,324.0,608.0,574.0,486.4,343.5
0.699238578680203,173.1,182.4,325.0,608.0,574.0,425.6,400.9
0.7021150592216582,230.5,121.6,326.0,608.0,574.0,486.4,343.5
0.6963620981387479,115.7,243.2,327.0,608.0,574.0,364.8,458.3
0.699238578680203,173.1,182.4,328.0,608.0,574.0,425.6,400.9
0.6934856175972928,58.3,304.0,329.0,608.0,574.0,304.0,515.7
0.6963620981387479,115.7,243.2,330.0,608.0,574.0,364.8,458.3
0.7003384094754653,171.8,182.4,331.0,608.0,574.0,425.6,402.2
0.6934856175972928,58.3,304.0,332.0,608.0,574.0,304.0,515.7
0.699238578680203,173.1,182.4,333.0,608.0,574.0,425.6,400.9
0.699238578680203,173.1,182.4,334.0,608.0,574.0,425.6,400.9
0.7021150592216582,230.5,121.6,335.0,608.0,574.0,486.4,343.5
0.6934856175972928,58.3,304.0,336.0,608.0,574.0,304.0,515.7
0.699238578680203,173.1,182.4,337.0,608.0,574.0,425.6,400.9
0.6685279187817259,230.5,161.3,338.0,608.0,574.0,446.7,343.5
0.699238578680203,173.1,182.4,339.0,608.0,574.0,425.6,400.9
0.699238578680203,173.1,182.4,340.0,608.0,574.0,425.6,400.9
0.7021150592216582,230.5,121.6,341.0,608.0,574.0,486.4,343.5
0.699238578680203,173.1,182.4,342.0,608.0,574.0,425.6,400.9
0.699238578680203,173.1,182.4,343.0,608.0,574.0,425.6,400.9
0.699238578680203,173.1,182.4,344.0,608.0,574.0,425.6,400.9
0.7021150592216582,230.5,121.6,345.0,608.0,574.0,486.4,343.5
0.699238578680203,173.1,182.4,346.0,608.0,574.0,425.6,400.9
0.6931472081218274,58.7,304.0,347.0,608.0,574.0,304.0,515.3
0.6989847715736041,173.6,182.2,348.0,608.0,574.0,425.8,400.4
0.6998307952622673,173.1,181.7,349.0,608.0,574.0,426.3,400.9
0.699238578680203,173.1,182.4,350.0,608.0,574.0,425.6,400.9
0.6934856175972928,58.3,304.0,351.0,608.0,574.0,304.0,515.7
0.699238578680203,173.1,182.4,352.0,608.0,574.0,425.6,400.9
0.6934856175972928,58.3,304.0,353.0,608.0,574.0,304.0,515.7
0.699238578680203,173.1,182.4,354.0,608.0,574.0,425.6,400.9
0.6934856175972928,58.3,304.0,355.0,608.0,574.0,304.0,515.7
0.6963620981387479,115.7,243.2,356.0,608.0,574.0,364.8,458.3
0.6963620981387478,115.7,243.2,357.0,608.0,574.0,364.8,458.3
0.6906091370558376,0.9,364.8,358.0,608.0,574.0,243.2,573.1
0.7021150592216582,230.5,121.6,359.0,608.0,574.0,486.4,343.5
0.6963620981387479,115.7,243.2,360.0,608.0,574.0,364.8,458.3
0.7099830795262267,221.2,121.6,361.0,608.0,574.0,486.4,352.8
0.7351945854483926,69.7,243.3,362.0,608.0,574.0,364.7,504.3
0.6963620981387478,115.7,243.2,363.0,608.0,574.0,364.8,458.3
0.699746192893401,172.5,182.4,364.0,608.0,574.0,425.6,401.5
0.699238578680203,173.1,182.4,365.0,608.0,574.0,425.6,400.9
0.699238578680203,173.1,182.4,366.0,608.0,574.0,425.6,400.9
0.7021150592216582,230.5,121.6,367.0,608.0,574.0,486.4,343.5
0.6934856175972928,58.3,304.0,368.0,608.0,574.0,304.0,515.7
0.699238578680203,173.1,182.4,369.0,608.0,574.0,425.6,400.9
0.699238578680203,173.1,182.4,370.0,608.0,574.0,425.6,400.9
0.699238578680203,173.1,182.4,371.0,608.0,574.0,425.6,400.9
0.699238578680203,173.1,182.4,372.0,608.0,574.0,425.6,400.9
0.6963620981387478,115.7,243.2,373.0,608.0,574.0,364.8,458.3
0.699238578680203,173.1,182.4,374.0,608.0,574.0,425.6,400.9
0.699238578680203,173.1,182.4,375.0,608.0,574.0,425.6,400.9
0.7049915397631134,287.9,60.8,376.0,608.0,574.0,547.2,286.1
0.699238578680203,173.1,182.4,377.0,608.0,574.0,425.6,400.9
0.699238578680203,173.1,182.4,378.0,608.0,574.0,425.6,400.9
0.699238578680203,173.1,182.4,379.0,608.0,574.0,425.6,400.9
0.6934856175972928,58.3,304.0,380.0,608.0,574.0,304.0,515.7
0.699238578680203,173.1,182.4,381.0,608.0,574.0,425.6,400.9
0.7021150592216582,230.5,121.6,382.0,608.0,574.0,486.4,343.5
0.699238578680203,173.1,182.4,383.0,608.0,574.0,425.6,400.9
0.699238578680203,173.1,182.4,384.0,608.0,574.0,425.6,400.9
0.7241116751269037,143.5,182.6,385.0,608.0,574.0,425.4,430.5
0.7049915397631134,287.9,60.8,386.0,608.0,574.0,547.2,286.1
0.6963620981387479,115.7,243.2,387.0,608.0,574.0,364.8,458.3
0.6906091370558376,0.9,364.8,388.0,608.0,574.0,243.2,573.1
0.699238578680203,173.1,182.4,389.0,608.0,574.0,425.6,400.9
0.6934856175972928,58.3,304.0,390.0,608.0,574.0,304.0,515.7
0.699238578680203,173.1,182.4,391.0,608.0,574.0,425.6,400.9
0.7021150592216582,230.5,121.6,392.0,608.0,574.0,486.4,343.5
0.7049915397631134,287.9,60.8,393.0,608.0,574.0,547.2,286.1
0.6963620981387479,115.7,243.2,394.0,608.0,574.0,364.8,458.3
0.7021150592216582,230.5,121.6,395.0,608.0,574.0,486.4,343.5
0.6963620981387479,115.7,243.2,396.0,608.0,574.0,364.8,458.3
0.7021150592216582,230.5,121.6,397.0,608.0,574.0,486.4,343.5
0.699238578680203,173.1,182.4,398.0,608.0,574.0,425.6,400.9
0.7021150592216582,230.5,121.6,399.0,608.0,574.0,486.4,343.5
0.7021150592216582,230.5,121.6,400.0,608.0,574.0,486.4,343.5
0.699238578680203,173.1,182.4,401.0,608.0,574.0,425.6,400.9
0.6603214890016921,158.8,242.7,402.0,608.0,574.0,365.3,415.2
0.6963620981387478,115.7,243.2,403.0,608.0,574.0,364.8,458.3
0.699238578680203,173.1,182.4,404.0,608.0,574.0,425.6,400.9
0.699238578680203,173.1,182.4,405.0,608.0,574.0,425.6,400.9
0.7021150592216582,230.5,121.6,406.0,608.0,574.0,486.4,343.5
0.7049915397631134,287.9,60.8,407.0,608.0,574.0,547.2,286.1
0.699238578680203,173.1,182.4,408.0,608.0,574.0,425.6,400.9
0.699238578680203,173.1,182.4,409.0,608.0,574.0,425.6,400.9
0.699238578680203,173.1,182.4,410.0,608.0,574.0,425.6,400.9
0.699238578680203,173.1,182.4,411.0,608.0,574.0,425.6,400.9
0.6963620981387479,115.7,243.2,412.0,608.0,574.0,364.8,458.3
0.699238578680203,173.1,182.4,413.0,608.0,574.0,425.6,400.9
0.6664128595600677,212.0,182.3,414.0,608.0,574.0,425.7,362.0
0.6934856175972928,58.3,304.0,415.0,608.0,574.0,304.0,515.7
0.6934856175972928,58.3,304.0,416.0,608.0,574.0,304.0,515.7
0.7021150592216582,230.5,121.6,417.0,608.0,574.0,486.4,343.5
0.7021150592216582,230.5,121.6,418.0,608.0,574.0,486.4,343.5
0.699238578680203,173.1,182.4,419.0,608.0,574.0,425.6,400.9
0.699238578680203,173.1,182.4,420.0,608.0,574.0,425.6,400.9
0.6906091370558376,0.9,364.8,421.0,608.0,574.0,243.2,573.1
0.6752961082910321,140.6,243.2,422.0,608.0,574.0,364.8,433.4
0.699238578680203,173.1,182.4,423.0,608.0,574.0,425.6,400.9
0.6963620981387479,115.7,243.2,424.0,608.0,574.0,364.8,458.3
0.699238578680203,173.1,182.4,425.0,608.0,574.0,425.6,400.9
0.699238578680203,173.1,182.4,426.0,608.0,574.0,425.6,400.9
0.7122673434856177,174.0,166.1,427.0,608.0,574.0,441.9,400.0
0.699238578680203,173.1,182.4,428.0,608.0,574.0,425.6,400.9
0.7021150592216582,230.5,121.6,429.0,608.0,574.0,486.4,343.5
0.699238578680203,173.1,182.4,430.0,608.0,574.0,425.6,400.9
0.699238578680203,173.1,182.4,431.0,608.0,574.0,425.6,400.9
0.699238578680203,173.1,182.4,432.0,608.0,574.0,425.6,400.9
0.6963620981387479,115.7,243.2,433.0,608.0,574.0,364.8,458.3
0.6963620981387479,115.7,243.2,434.0,608.0,574.0,364.8,458.3
0.699238578680203,173.1,182.4,435.0,608.0,574.0,425.6,400.9
0.7021150592216582,230.5,121.6,436.0,608.0,574.0,486.4,343.5
0.699238578680203,173.1,182.4,437.0,608.0,574.0,425.6,400.9
0.6963620981387479,115.7,243.2,438.0,608.0,574.0,364.8,458.3
0.7021150592216582,230.5,121.6,439.0,608.0,574.0,486.4,343.5
0.6963620981387478,115.7,243.2,440.0,608.0,574.0,364.8,458.3
0.699238578680203,173.1,182.4,441.0,608.0,574.0,425.6,400.9
0.699238578680203,173.1,182.4,442.0,608.0,574.0,425.6,400.9
0.699238578680203,173.1,182.4,443.0,608.0,574.0,425.6,400.9
0.699238578680203,173.1,182.4,444.0,608.0,574.0,425.6,400.9
0.6963620981387479,115.7,243.2,445.0,608.0,574.0,364.8,458.3
0.699238578680203,173.1,182.4,446.0,608.0,574.0,425.6,400.9
0.693824027072758,118.7,243.2,447.0,608.0,574.0,364.8,455.3
0.6963620981387479,115.7,243.2,448.0,608.0,574.0,364.8,458.3
0.6934856175972928,58.3,304.0,449.0,608.0,574.0,304.0,515.7
0.6934856175972928,58.3,304.0,450.0,608.0,574.0,304.0,515.7
0.7078680203045685,345.3,0.0,451.0,608.0,574.0,608.0,228.7
0.7349407783417936,130.9,182.4,452.0,608.0,574.0,425.6,443.1
0.6934856175972928,58.3,304.0,453.0,608.0,574.0,304.0,515.7
0.6906091370558376,0.9,364.8,454.0,608.0,574.0,243.2,573.1
0.699238578680203,173.1,182.4,455.0,608.0,574.0,425.6,400.9
0.7049915397631134,287.9,60.8,456.0,608.0,574.0,547.2,286.1
0.699238578680203,173.1,182.4,457.0,608.0,574.0,425.6,400.9
0.6954314720812184,64.3,295.7,458.0,608.0,574.0,312.3,509.7
0.7461928934010152,173.1,126.9,459.0,608.0,574.0,481.1,400.9
0.6963620981387478,115.7,243.2,460.0,608.0,574.0,364.8,458.3
0.6934856175972928,58.3,304.0,461.0,608.0,574.0,304.0,515.7
0.6906091370558376,0.9,364.8,462.0,608.0,574.0,243.2,573.1
0.6963620981387478,115.7,243.2,463.0,608.0,574.0,364.8,458.3
0.699238578680203,173.1,182.4,464.0,608.0,574.0,425.6,400.9
0.6963620981387479,115.7,243.2,465.0,608.0,574.0,364.8,458.3
0.6963620981387478,115.7,243.2,466.0,608.0,574.0,364.8,458.3
0.7021150592216582,230.5,121.6,467.0,608.0,574.0,486.4,343.5
0.7021150592216582,230.5,121.6,468.0,608.0,574.0,486.4,343.5
0.7049915397631134,287.9,60.8,469.0,608.0,574.0,547.2,286.1
0.6964467005076143,115.7,243.1,470.0,608.0,574.0,364.9,458.3
0.6963620981387479,115.7,243.2,471.0,608.0,574.0,364.8,458.3
0.7021150592216582,230.5,121.6,472.0,608.0,574.0,486.4,343.5
0.6934856175972928,58.3,304.0,473.0,608.0,574.0,304.0,515.7
0.699238578680203,173.1,182.4,474.0,608.0,574.0,425.6,400.9
0.7021150592216582,230.5,121.6,475.0,608.0,574.0,486.4,343.5
0.7021150592216582,230.5,121.6,476.0,608.0,574.0,486.4,343.5
0.7021150592216582,230.5,121.6,477.0,608.0,574.0,486.4,343.5
0.6963620981387479,115.7,243.2,478.0,608.0,574.0,364.8,458.3
0.6994923857868021,229.6,125.6,479.0,608.0,574.0,482.4,344.4
0.699238578680203,173.1,182.4,480.0,608.0,574.0,425.6,400.9
0.7021150592216582,230.5,121.6,481.0,608.0,574.0,486.4,343.5
0.7021150592216582,230.5,121.6,482.0,608.0,574.0,486.4,343.5
0.7049915397631134,287.9,60.8,483.0,608.0,574.0,547.2,286.1
0.7021150592216582,230.5,121.6,484.0,608.0,574.0,486.4,343.5
0.7021150592216582,230.5,121.6,485.0,608.0,574.0,486.4,343.5
0.7021150592216582,230.5,121.6,486.0,608.0,574.0,486.4,343.5
0.7032994923857868,229.1,121.6,487.0,608.0,574.0,486.4,344.9
0.7021150592216582,230.5,121.6,488.0,608.0,574.0,486.4,343.5
0.744585448392555,58.7,243.2,489.0,608.0,574.0,364.8,515.3
0.7474619289340102,116.1,182.4,490.0,608.0,574.0,425.6,457.9
0.7503384094754654,173.5,121.6,491.0,608.0,574.0,486.4,400.5
0.7417089678510999,1.3,304.0,492.0,608.0,574.0,304.0,572.7
0.7474619289340102,116.1,182.4,493.0,608.0,574.0,425.6,457.9
0.7474619289340102,116.1,182.4,494.0,608.0,574.0,425.6,457.9
0.744585448392555,58.7,243.2,495.0,608.0,574.0,364.8,515.3
0.7474619289340102,116.1,182.4,496.0,608.0,574.0,425.6,457.9
0.744585448392555,58.7,243.2,497.0,608.0,574.0,364.8,515.3
0.7474619289340102,116.1,182.4,498.0,608.0,574.0,425.6,457.9
0.7503384094754654,173.5,121.6,499.0,608.0,574.0,486.4,400.5
0.7532148900169204,230.9,60.8,500.0,608.0,574.0,547.2,343.1
0.744585448392555,58.7,243.2,501.0,608.0,574.0,364.8,515.3
0.7474619289340102,116.1,182.4,502.0,608.0,574.0,425.6,457.9
0.7474619289340102,116.1,182.4,503.0,608.0,574.0,425.6,457.9
0.7503384094754654,173.5,121.6,504.0,608.0,574.0,486.4,400.5
0.7503384094754654,173.5,121.6,505.0,608.0,574.0,486.4,400.5
0.7503384094754654,173.5,121.6,506.0,608.0,574.0,486.4,400.5
0.7503384094754654,173.5,121.6,507.0,608.0,574.0,486.4,400.5
0.7503384094754654,173.5,121.6,508.0,608.0,574.0,486.4,400.5
0.7532148900169205,230.9,60.8,509.0,608.0,574.0,547.2,343.1
0.7474619289340102,116.1,182.4,510.0,608.0,574.0,425.6,457.9
0.7474619289340102,116.1,182.4,511.0,608.0,574.0,425.6,457.9
0.7532148900169205,230.9,60.8,512.0,608.0,574.0,547.2,343.1
0.7503384094754654,173.5,121.6,513.0,608.0,574.0,486.4,400.5
0.7503384094754654,173.5,121.6,514.0,608.0,574.0,486.4,400.5
0.744585448392555,58.7,243.2,515.0,608.0,574.0,364.8,515.3
0.7503384094754654,173.5,121.6,516.0,608.0,574.0,486.4,400.5
0.7532148900169204,230.9,60.8,517.0,608.0,574.0,547.2,343.1
0.7503384094754654,173.5,121.6,518.0,608.0,574.0,486.4,400.5
0.7560913705583756,288.3,0.0,519.0,608.0,574.0,608.0,285.7
0.7532148900169205,230.9,60.8,520.0,608.0,574.0,547.2,343.1
0.744585448392555,58.7,243.2,521.0,608.0,574.0,364.8,515.3
0.7503384094754654,173.5,121.6,522.0,608.0,574.0,486.4,400.5
0.7532148900169204,230.9,60.8,523.0,608.0,574.0,547.2,343.1
0.7532148900169204,230.9,60.8,524.0,608.0,574.0,547.2,343.1
0.7503384094754654,173.5,121.6,525.0,608.0,574.0,486.4,400.5
0.7811336717428088,197.9,60.8,526.0,608.0,574.0,547.2,376.1
0.7532148900169204,230.9,60.8,527.0,608.0,574.0,547.2,343.1
0.7417089678510999,1.3,304.0,528.0,608.0,574.0,304.0,572.7
0.7829949238578681,1.3,255.2,529.0,608.0,574.0,352.8,572.7
0.744585448392555,58.7,243.2,530.0,608.0,574.0,364.8,515.3
0.744585448392555,58.7,243.2,531.0,608.0,574.0,364.8,515.3
0.7661590524534687,154.2,122.2,532.0,608.0,574.0,485.8,419.8
0.744585448392555,58.7,243.2,533.0,608.0,574.0,364.8,515.3
0.7503384094754654,173.5,121.6,534.0,608.0,574.0,486.4,400.5
0.7532148900169204,230.9,60.8,535.0,608.0,574.0,547.2,343.1
0.7474619289340102,116.1,182.4,536.0,608.0,574.0,425.6,457.9
0.7503384094754654,173.5,121.6,537.0,608.0,574.0,486.4,400.5
0.7480541455160744,116.1,181.7,538.0,608.0,574.0,426.3,457.9
0.7503384094754654,173.5,121.6,539.0,608.0,574.0,486.4,400.5
0.7503384094754654,173.5,121.6,540.0,608.0,574.0,486.4,400.5
0.7958544839255499,58.9,182.4,541.0,608.0,574.0,425.6,515.1
0.8016074450084603,173.7,60.8,542.0,608.0,574.0,547.2,400.3
0.7958544839255499,58.9,182.4,543.0,608.0,574.0,425.6,515.1
0.7929780033840947,1.5,243.2,544.0,608.0,574.0,364.8,572.5
0.7958544839255499,58.9,182.4,545.0,608.0,574.0,425.6,515.1
0.7958544839255499,58.9,182.4,546.0,608.0,574.0,425.6,515.1
0.7823181049069374,74.9,182.4,547.0,608.0,574.0,425.6,499.1
0.8016074450084603,173.7,60.8,548.0,608.0,574.0,547.2,400.3
0.7958544839255499,58.9,182.4,549.0,608.0,574.0,425.6,515.1
0.7958544839255499,58.9,182.4,550.0,608.0,574.0,425.6,515.1
0.7958544839255499,58.9,182.4,551.0,608.0,574.0,425.6,515.1
0.7958544839255499,58.9,182.4,552.0,608.0,574.0,425.6,515.1
0.8016074450084603,173.7,60.8,553.0,608.0,574.0,547.2,400.3
0.7547377326565143,170.9,119.0,554.0,608.0,574.0,489.0,403.1
0.7958544839255499,58.9,182.4,555.0,608.0,574.0,425.6,515.1
0.7987309644670051,116.3,121.6,556.0,608.0,574.0,486.4,457.7
0.7987309644670051,116.3,121.6,557.0,608.0,574.0,486.4,457.7
0.8016074450084603,173.7,60.8,558.0,608.0,574.0,547.2,400.3
0.8016074450084603,173.7,60.8,559.0,608.0,574.0,547.2,400.3
0.7958544839255499,58.9,182.4,560.0,608.0,574.0,425.6,515.1
0.7958544839255499,58.9,182.4,561.0,608.0,574.0,425.6,515.1
0.7987309644670051,116.3,121.6,562.0,608.0,574.0,486.4,457.7
0.7958544839255499,58.9,182.4,563.0,608.0,574.0,425.6,515.1
0.7987309644670051,116.3,121.6,564.0,608.0,574.0,486.4,457.7
0.8016074450084603,173.7,60.8,565.0,608.0,574.0,547.2,400.3
0.8044839255499154,231.1,0.0,566.0,608.0,574.0,608.0,342.9
0.8016074450084603,173.7,60.8,567.0,608.0,574.0,547.2,400.3
0.8044839255499154,231.1,0.0,568.0,608.0,574.0,608.0,342.9
0.8016074450084603,173.7,60.8,569.0,608.0,574.0,547.2,400.3
0.7987309644670051,116.3,121.6,570.0,608.0,574.0,486.4,457.7
0.8016074450084603,173.7,60.8,571.0,608.0,574.0,547.2,400.3
0.7958544839255499,58.9,182.4,572.0,608.0,574.0,425.6,515.1
0.7987309644670051,116.3,121.6,573.0,608.0,574.0,486.4,457.7
0.7958544839255499,58.9,182.4,574.0,608.0,574.0,425.6,515.1
0.7929780033840947,1.5,243.2,575.0,608.0,574.0,364.8,572.5
0.7737732656514382,115.6,151.8,576.0,608.0,574.0,456.2,458.4
0.7987309644670051,116.3,121.6,577.0,608.0,574.0,486.4,457.7
0.7987309644670051,116.3,121.6,578.0,608.0,574.0,486.4,457.7
0.8044839255499154,231.1,0.0,579.0,608.0,574.0,608.0,342.9
0.7958544839255499,58.9,182.4,580.0,608.0,574.0,425.6,515.1
0.8016074450084603,173.7,60.8,581.0,608.0,574.0,547.2,400.3
0.7987309644670051,116.3,121.6,582.0,608.0,574.0,486.4,457.7
0.7987309644670051,116.3,121.6,583.0,608.0,574.0,486.4,457.7
0.7987309644670051,116.3,121.6,584.0,608.0,574.0,486.4,457.7
0.7958544839255499,58.9,182.4,585.0,608.0,574.0,425.6,515.1
0.8016074450084603,173.7,60.8,586.0,608.0,574.0,547.2,400.3
0.7958544839255499,58.9,182.4,587.0,608.0,574.0,425.6,515.1
0.7929780033840947,1.5,243.2,588.0,608.0,574.0,364.8,572.5
0.8044839255499154,231.1,0.0,589.0,608.0,574.0,608.0,342.9
0.8016074450084603,173.7,60.8,590.0,608.0,574.0,547.2,400.3
0.7987309644670051,116.3,121.6,591.0,608.0,574.0,486.4,457.7
0.8016074450084603,173.7,60.8,592.0,608.0,574.0,547.2,400.3
0.7987309644670051,116.3,121.6,593.0,608.0,574.0,486.4,457.7
0.7987309644670051,116.3,121.6,594.0,608.0,574.0,486.4,457.7
0.7987309644670051,116.3,121.6,595.0,608.0,574.0,486.4,457.7
0.7987309644670051,116.3,121.6,596.0,608.0,574.0,486.4,457.7
0.8044839255499154,231.1,0.0,597.0,608.0,574.0,608.0,342.9
0.8016074450084603,173.7,60.8,598.0,608.0,574.0,547.2,400.3
0.7958544839255499,58.9,182.4,599.0,608.0,574.0,425.6,515.1
0.7987309644670051,116.3,121.6,600.0,608.0,574.0,486.4,457.7
0.8016074450084603,173.7,60.8,601.0,608.0,574.0,547.2,400.3
0.7987309644670051,116.3,121.6,602.0,608.0,574.0,486.4,457.7
0.8016074450084603,173.7,60.8,603.0,608.0,574.0,547.2,400.3
0.8016074450084603,173.7,60.8,604.0,608.0,574.0,547.2,400.3
0.7987309644670051,116.3,121.6,605.0,608.0,574.0,486.4,457.7
0.7958544839255499,58.9,182.4,606.0,608.0,574.0,425.6,515.1
0.801269035532995,113.3,121.6,607.0,608.0,574.0,486.4,460.7
0.8499153976311338,116.5,60.9,608.0,608.0,574.0,547.1,457.5
0.852791878172589,173.9,0.1,609.0,608.0,574.0,607.9,400.1
0.8499153976311338,116.5,60.9,610.0,608.0,574.0,547.1,457.5
0.8499153976311338,116.5,60.9,611.0,608.0,574.0,547.1,457.5
0.8470389170896786,59.1,121.7,612.0,608.0,574.0,486.3,514.9
0.8441624365482234,1.7,182.5,613.0,608.0,574.0,425.5,572.3
0.8499153976311338,116.5,60.9,614.0,608.0,574.0,547.1,457.5
0.8470389170896786,59.1,121.7,615.0,608.0,574.0,486.3,514.9
0.8499153976311338,116.5,60.9,616.0,608.0,574.0,547.1,457.5
0.8499153976311338,116.5,60.9,617.0,608.0,574.0,547.1,457.5
0.8470389170896786,59.1,121.7,618.0,608.0,574.0,486.3,514.9
0.8470389170896786,59.1,121.7,619.0,608.0,574.0,486.3,514.9
0.8470389170896786,59.1,121.7,620.0,608.0,574.0,486.3,514.9
0.8470389170896786,59.1,121.7,621.0,608.0,574.0,486.3,514.9
0.8441624365482234,1.7,182.5,622.0,608.0,574.0,425.5,572.3
0.8470389170896786,59.1,121.7,623.0,608.0,574.0,486.3,514.9
0.8470389170896786,59.1,121.7,624.0,608.0,574.0,486.3,514.9
0.8441624365482234,1.7,182.5,625.0,608.0,574.0,425.5,572.3
0.8441624365482234,1.7,182.5,626.0,608.0,574.0,425.5,572.3
0.8499153976311338,116.5,60.9,627.0,608.0,574.0,547.1,457.5
0.8499153976311338,116.5,60.9,628.0,608.0,574.0,547.1,457.5
0.8499153976311338,116.5,60.9,629.0,608.0,574.0,547.1,457.5
0.8499153976311338,116.5,60.9,630.0,608.0,574.0,547.1,457.5
0.8441624365482234,1.7,182.5,631.0,608.0,574.0,425.5,572.3
0.8470389170896786,59.1,121.7,632.0,608.0,574.0,486.3,514.9
0.8956852791878174,61.6,61.7,633.0,608.0,574.0,546.3,512.4
0.8470389170896786,59.1,121.7,634.0,608.0,574.0,486.3,514.9
0.8441624365482234,1.7,182.5,635.0,608.0,574.0,425.5,572.3
0.8470389170896786,59.1,121.7,636.0,608.0,574.0,486.3,514.9
0.8441624365482234,1.7,182.5,637.0,608.0,574.0,425.5,572.3
0.8499153976311338,116.5,60.9,638.0,608.0,574.0,547.1,457.5
0.8499153976311338,116.5,60.9,639.0,608.0,574.0,547.1,457.5
0.8470389170896786,59.1,121.7,640.0,608.0,574.0,486.3,514.9
0.8441624365482234,1.7,182.5,641.0,608.0,574.0,425.5,572.3
0.8470389170896786,59.1,121.7,642.0,608.0,574.0,486.3,514.9
0.8441624365482234,1.7,182.5,643.0,608.0,574.0,425.5,572.3
0.8441624365482234,1.7,182.5,644.0,608.0,574.0,425.5,572.3
0.8499153976311338,116.5,60.9,645.0,608.0,574.0,547.1,457.5
0.8499153976311338,116.5,60.9,646.0,608.0,574.0,547.1,457.5
0.8470389170896786,59.1,121.7,647.0,608.0,574.0,486.3,514.9
0.8441624365482234,1.7,182.5,648.0,608.0,574.0,425.5,572.3
0.8470389170896786,59.1,121.7,649.0,608.0,574.0,486.3,514.9
0.8471235194585448,59.1,121.6,650.0,608.0,574.0,486.4,514.9
0.8499153976311338,116.5,60.9,651.0,608.0,574.0,547.1,457.5
0.8499153976311338,116.5,60.9,652.0,608.0,574.0,547.1,457.5
0.8499153976311338,116.5,60.9,653.0,608.0,574.0,547.1,457.5
0.8470389170896786,59.1,121.7,654.0,608.0,574.0,486.3,514.9
0.8470389170896786,59.1,121.7,655.0,608.0,574.0,486.3,514.9
0.8499153976311338,116.5,60.9,656.0,608.0,574.0,547.1,457.5
0.8499153976311338,116.5,60.9,657.0,608.0,574.0,547.1,457.5
0.8499153976311338,116.5,60.9,658.0,608.0,574.0,547.1,457.5
0.8786802030456853,77.6,65.8,659.0,608.0,574.0,542.2,496.4
0.8470389170896786,59.1,121.7,660.0,608.0,574.0,486.3,514.9
0.8470389170896786,59.1,121.7,661.0,608.0,574.0,486.3,514.9
0.8470389170896786,59.1,121.7,662.0,608.0,574.0,486.3,514.9
0.8470389170896786,59.1,121.7,663.0,608.0,574.0,486.3,514.9
0.8499153976311338,116.5,60.9,664.0,608.0,574.0,547.1,457.5
0.8499153976311338,116.5,60.9,665.0,608.0,574.0,547.1,457.5
0.852791878172589,173.9,0.1,666.0,608.0,574.0,607.9,400.1
0.852791878172589,173.9,0.1,667.0,608.0,574.0,607.9,400.1
0.8470389170896786,59.1,121.7,668.0,608.0,574.0,486.3,514.9
0.8470389170896786,59.1,121.7,669.0,608.0,574.0,486.3,514.9
0.8470389170896786,59.1,121.7,670.0,608.0,574.0,486.3,514.9
0.8499153976311338,116.5,60.9,671.0,608.0,574.0,547.1,457.5
0.8499153976311338,116.5,60.9,672.0,608.0,574.0,547.1,457.5
0.8499153976311338,116.5,60.9,673.0,608.0,574.0,547.1,457.5
0.852791878172589,173.9,0.1,674.0,608.0,574.0,607.9,400.1
0.852791878172589,173.9,0.1,675.0,608.0,574.0,607.9,400.1
0.8499153976311338,116.5,60.9,676.0,608.0,574.0,547.1,457.5
0.8499153976311338,116.5,60.9,677.0,608.0,574.0,547.1,457.5
0.8499153976311338,116.5,60.9,678.0,608.0,574.0,547.1,457.5
0.8499153976311338,116.5,60.9,679.0,608.0,574.0,547.1,457.5
0.8470389170896786,59.1,121.7,680.0,608.0,574.0,486.3,514.9
0.8499153976311338,116.5,60.9,681.0,608.0,574.0,547.1,457.5
0.8470389170896786,59.1,121.7,682.0,608.0,574.0,486.3,514.9
0.8441624365482234,1.7,182.5,683.0,608.0,574.0,425.5,572.3
0.8441624365482234,1.7,182.5,684.0,608.0,574.0,425.5,572.3
0.8441624365482234,1.7,182.5,685.0,608.0,574.0,425.5,572.3
0.8499153976311338,116.5,60.9,686.0,608.0,574.0,547.1,457.5
0.852791878172589,173.9,0.1,687.0,608.0,574.0,607.9,400.1
0.8499153976311338,116.5,60.9,688.0,608.0,574.0,547.1,457.5
0.8470389170896786,59.1,121.7,689.0,608.0,574.0,486.3,514.9
0.8441624365482234,1.7,182.5,690.0,608.0,574.0,425.5,572.3
0.8441624365482234,1.7,182.5,691.0,608.0,574.0,425.5,572.3
0.8499153976311338,116.5,60.9,692.0,608.0,574.0,547.1,457.5
0.8470389170896786,59.1,121.7,693.0,608.0,574.0,486.3,514.9
0.8499153976311338,116.5,60.9,694.0,608.0,574.0,547.1,457.5
0.8470389170896786,59.1,121.7,695.0,608.0,574.0,486.3,514.9
0.852791878172589,173.9,0.1,696.0,608.0,574.0,607.9,400.1
0.8902707275803723,68.1,61.6,697.0,608.0,574.0,546.4,505.9
0.8499153976311338,116.5,60.9,698.0,608.0,574.0,547.1,457.5
0.890186125211506,68.9,60.9,699.0,608.0,574.0,547.1,505.1
0.852791878172589,173.9,0.1,700.0,608.0,574.0,607.9,400.1
0.8981387478849407,59.4,61.0,701.0,608.0,574.0,547.0,514.6
0.9010152284263959,116.8,0.2,702.0,608.0,574.0,607.8,457.2
0.9010152284263959,116.8,0.2,703.0,608.0,574.0,607.8,457.2
0.8981387478849407,59.4,61.0,704.0,608.0,574.0,547.0,514.6
0.9010152284263959,116.8,0.2,705.0,608.0,574.0,607.8,457.2
0.8981387478849407,59.4,61.0,706.0,608.0,574.0,547.0,514.6
0.9010152284263959,116.8,0.2,707.0,608.0,574.0,607.8,457.2
0.9,116.8,1.4,708.0,608.0,574.0,606.6,457.2
0.8981387478849407,59.4,61.0,709.0,608.0,574.0,547.0,514.6
0.8981387478849407,59.4,61.0,710.0,608.0,574.0,547.0,514.6
0.8981387478849407,59.4,61.0,711.0,608.0,574.0,547.0,514.6
0.9010152284263959,116.8,0.2,712.0,608.0,574.0,607.8,457.2
0.9010152284263959,116.8,0.2,713.0,608.0,574.0,607.8,457.2
0.8981387478849407,59.4,61.0,714.0,608.0,574.0,547.0,514.6
0.8981387478849407,59.4,61.0,715.0,608.0,574.0,547.0,514.6
0.8981387478849407,59.4,61.0,716.0,608.0,574.0,547.0,514.6
0.9010152284263959,116.8,0.2,717.0,608.0,574.0,607.8,457.2
0.9010152284263959,116.8,0.2,718.0,608.0,574.0,607.8,457.2
0.9010152284263959,116.8,0.2,719.0,608.0,574.0,607.8,457.2
0.9010152284263959,116.8,0.2,720.0,608.0,574.0,607.8,457.2
0.9010152284263959,116.8,0.2,721.0,608.0,574.0,607.8,457.2
0.9010152284263959,116.8,0.2,722.0,608.0,574.0,607.8,457.2
0.9010152284263959,116.8,0.2,723.0,608.0,574.0,607.8,457.2
0.8981387478849407,59.4,61.0,724.0,608.0,574.0,547.0,514.6
0.8952622673434856,2.0,121.8,725.0,608.0,574.0,486.2,572.0
0.9010152284263959,116.8,0.2,726.0,608.0,574.0,607.8,457.2
0.9010152284263959,116.8,0.2,727.0,608.0,574.0,607.8,457.2
0.8981387478849407,59.4,61.0,728.0,608.0,574.0,547.0,514.6
0.8981387478849407,59.4,61.0,729.0,608.0,574.0,547.0,514.6
0.8981387478849407,59.4,61.0,730.0,608.0,574.0,547.0,514.6
0.8981387478849407,59.4,61.0,731.0,608.0,574.0,547.0,514.6
0.8952622673434856,2.0,121.8,732.0,608.0,574.0,486.2,572.0
0.8981387478849407,59.4,61.0,733.0,608.0,574.0,547.0,514.6
0.9010152284263959,116.8,0.2,734.0,608.0,574.0,607.8,457.2
0.8981387478849407,59.4,61.0,735.0,608.0,574.0,547.0,514.6
0.8981387478849407,59.4,61.0,736.0,608.0,574.0,547.0,514.6
0.8952622673434856,2.0,121.8,737.0,608.0,574.0,486.2,572.0
0.8981387478849407,59.4,61.0,738.0,608.0,574.0,547.0,514.6
0.8981387478849407,59.4,61.0,739.0,608.0,574.0,547.0,514.6
0.9010152284263959,116.8,0.2,740.0,608.0,574.0,607.8,457.2
0.9010152284263959,116.8,0.2,741.0,608.0,574.0,607.8,457.2
0.8981387478849407,59.4,61.0,742.0,608.0,574.0,547.0,514.6
0.8952622673434856,2.0,121.8,743.0,608.0,574.0,486.2,572.0
0.8954314720812183,2.0,121.6,744.0,608.0,574.0,486.4,572.0
0.8981387478849407,59.4,61.0,745.0,608.0,574.0,547.0,514.6
0.8981387478849407,59.4,61.0,746.0,608.0,574.0,547.0,514.6
0.8952622673434856,2.0,121.8,747.0,608.0,574.0,486.2,572.0
0.8981387478849407,59.4,61.0,748.0,608.0,574.0,547.0,514.6
0.8981387478849407,59.4,61.0,749.0,608.0,574.0,547.0,514.6
0.9021150592216582,115.5,0.2,750.0,608.0,574.0,607.8,458.5
0.8981387478849407,59.4,61.0,751.0,608.0,574.0,547.0,514.6
0.9010152284263959,116.8,0.2,752.0,608.0,574.0,607.8,457.2
0.8952622673434856,2.0,121.8,753.0,608.0,574.0,486.2,572.0
0.8981387478849407,59.4,61.0,754.0,608.0,574.0,547.0,514.6
0.8981387478849407,59.4,61.0,755.0,608.0,574.0,547.0,514.6
0.8981387478849407,59.4,61.0,756.0,608.0,574.0,547.0,514.6
0.8952622673434856,2.0,121.8,757.0,608.0,574.0,486.2,572.0
0.8981387478849407,59.4,61.0,758.0,608.0,574.0,547.0,514.6
0.9010152284263959,116.8,0.2,759.0,608.0,574.0,607.8,457.2
0.9010152284263959,116.8,0.2,760.0,608.0,574.0,607.8,457.2
0.8981387478849407,59.4,61.0,761.0,608.0,574.0,547.0,514.6
0.8981387478849407,59.4,61.0,762.0,608.0,574.0,547.0,514.6
0.8981387478849407,59.4,61.0,763.0,608.0,574.0,547.0,514.6
0.8981387478849407,59.4,61.0,764.0,608.0,574.0,547.0,514.6
0.9010152284263959,116.8,0.2,765.0,608.0,574.0,607.8,457.2
0.9010152284263959,116.8,0.2,766.0,608.0,574.0,607.8,457.2
0.9010152284263959,116.8,0.2,767.0,608.0,574.0,607.8,457.2
0.8981387478849407,59.4,61.0,768.0,608.0,574.0,547.0,514.6
0.9031302876480541,53.5,61.0,769.0,608.0,574.0,547.0,520.5
0.8981387478849407,59.4,61.0,770.0,608.0,574.0,547.0,514.6
0.8981387478849407,59.4,61.0,771.0,608.0,574.0,547.0,514.6
0.9010152284263959,116.8,0.2,772.0,608.0,574.0,607.8,457.2
0.9010152284263959,116.8,0.2,773.0,608.0,574.0,607.8,457.2
0.8981387478849407,59.4,61.0,774.0,608.0,574.0,547.0,514.6
0.8981387478849407,59.4,61.0,775.0,608.0,574.0,547.0,514.6
0.8952622673434856,2.0,121.8,776.0,608.0,574.0,486.2,572.0
0.9233502538071067,90.4,0.2,777.0,608.0,574.0,607.8,483.6
0.8981387478849407,59.4,61.0,778.0,608.0,574.0,547.0,514.6
0.9010152284263959,116.8,0.2,779.0,608.0,574.0,607.8,457.2
0.9010152284263959,116.8,0.2,780.0,608.0,574.0,607.8,457.2
0.9010152284263959,116.8,0.2,781.0,608.0,574.0,607.8,457.2
0.8952622673434856,2.0,121.8,782.0,608.0,574.0,486.2,572.0
0.8981387478849407,59.4,61.0,783.0,608.0,574.0,547.0,514.6
0.8981387478849407,59.4,61.0,784.0,608.0,574.0,547.0,514.6
0.9010152284263959,116.8,0.2,785.0,608.0,574.0,607.8,457.2
0.8981387478849407,59.4,61.0,786.0,608.0,574.0,547.0,514.6
0.8811336717428088,115.0,25.5,787.0,608.0,574.0,582.5,459.0
0.9010152284263959,116.8,0.2,788.0,608.0,574.0,607.8,457.2
0.8981387478849407,59.4,61.0,789.0,608.0,574.0,547.0,514.6
0.8981387478849407,59.4,61.0,790.0,608.0,574.0,547.0,514.6
0.8981387478849407,59.4,61.0,791.0,608.0,574.0,547.0,514.6
0.8981387478849407,59.4,61.0,792.0,608.0,574.0,547.0,514.6
0.8981387478849407,59.4,61.0,793.0,608.0,574.0,547.0,514.6
0.9010152284263959,116.8,0.2,794.0,608.0,574.0,607.8,457.2
0.8981387478849407,59.4,61.0,795.0,608.0,574.0,547.0,514.6
0.8981387478849407,59.4,61.0,796.0,608.0,574.0,547.0,514.6
0.8981387478849407,59.4,61.0,797.0,608.0,574.0,547.0,514.6
0.8981387478849407,59.4,61.0,798.0,608.0,574.0,547.0,514.6
0.8981387478849407,59.4,61.0,799.0,608.0,574.0,547.0,514.6
0.8981387478849407,59.4,61.0,800.0,608.0,574.0,547.0,514.6
0.8981387478849407,59.4,61.0,801.0,608.0,574.0,547.0,514.6
0.8981387478849407,59.4,61.0,802.0,608.0,574.0,547.0,514.6
0.8981387478849407,59.4,61.0,803.0,608.0,574.0,547.0,514.6
0.8981387478849407,59.4,61.0,804.0,608.0,574.0,547.0,514.6
0.8981387478849407,59.4,61.0,805.0,608.0,574.0,547.0,514.6
0.8981387478849407,59.4,61.0,806.0,608.0,574.0,547.0,514.6
0.8981387478849407,59.4,61.0,807.0,608.0,574.0,547.0,514.6
0.9010152284263959,116.8,0.2,808.0,608.0,574.0,607.8,457.2
0.9010152284263959,116.8,0.2,809.0,608.0,574.0,607.8,457.2
0.8825719120135365,116.8,22.0,810.0,608.0,574.0,586.0,457.2
0.900761421319797,116.8,0.5,811.0,608.0,574.0,607.5,457.2
0.8952622673434856,2.0,121.8,812.0,608.0,574.0,486.2,572.0
0.8981387478849407,59.4,61.0,813.0,608.0,574.0,547.0,514.6
0.8981387478849407,59.4,61.0,814.0,608.0,574.0,547.0,514.6
0.8981387478849407,59.4,61.0,815.0,608.0,574.0,547.0,514.6
0.8981387478849407,59.4,61.0,816.0,608.0,574.0,547.0,514.6
0.8981387478849407,59.4,61.0,817.0,608.0,574.0,547.0,514.6
0.9010152284263959,116.8,0.2,818.0,608.0,574.0,607.8,457.2
0.8981387478849407,59.4,61.0,819.0,608.0,574.0,547.0,514.6
0.9010152284263959,116.8,0.2,820.0,608.0,574.0,607.8,457.2
0.8981387478849407,59.4,61.0,821.0,608.0,574.0,547.0,514.6
0.8981387478849407,59.4,61.0,822.0,608.0,574.0,547.0,514.6
0.8981387478849407,59.4,61.0,823.0,608.0,574.0,547.0,514.6
0.8981387478849407,59.4,61.0,824.0,608.0,574.0,547.0,514.6
0.8981387478849407,59.4,61.0,825.0,608.0,574.0,547.0,514.6
0.8981387478849407,59.4,61.0,826.0,608.0,574.0,547.0,514.6
0.8981387478849407,59.4,61.0,827.0,608.0,574.0,547.0,514.6
0.8981387478849407,59.4,61.0,828.0,608.0,574.0,547.0,514.6
0.9010152284263959,116.8,0.2,829.0,608.0,574.0,607.8,457.2
0.8952622673434856,2.0,121.8,830.0,608.0,574.0,486.2,572.0
0.8981387478849407,59.4,61.0,831.0,608.0,574.0,547.0,514.6
0.8981387478849407,59.4,61.0,832.0,608.0,574.0,547.0,514.6
0.9010152284263959,116.8,0.2,833.0,608.0,574.0,607.8,457.2
0.8981387478849407,59.4,61.0,834.0,608.0,574.0,547.0,514.6
0.8981387478849407,59.4,61.0,835.0,608.0,574.0,547.0,514.6
0.8981387478849407,59.4,61.0,836.0,608.0,574.0,547.0,514.6
0.8981387478849407,59.4,61.0,837.0,608.0,574.0,547.0,514.6
0.8981387478849407,59.4,61.0,838.0,608.0,574.0,547.0,514.6
0.8981387478849407,59.4,61.0,839.0,608.0,574.0,547.0,514.6
0.8981387478849407,59.4,61.0,840.0,608.0,574.0,547.0,514.6
0.8952622673434856,2.0,121.8,841.0,608.0,574.0,486.2,572.0
0.8952622673434856,2.0,121.8,842.0,608.0,574.0,486.2,572.0
0.9010152284263959,116.8,0.2,843.0,608.0,574.0,607.8,457.2
0.8952622673434856,2.0,121.8,844.0,608.0,574.0,486.2,572.0
0.8952622673434856,2.0,121.8,845.0,608.0,574.0,486.2,572.0
0.8981387478849407,59.4,61.0,846.0,608.0,574.0,547.0,514.6
0.8981387478849407,59.4,61.0,847.0,608.0,574.0,547.0,514.6
0.8981387478849407,59.4,61.0,848.0,608.0,574.0,547.0,514.6
0.8981387478849407,59.4,61.0,849.0,608.0,574.0,547.0,514.6
0.8952622673434856,2.0,121.8,850.0,608.0,574.0,486.2,572.0
0.8952622673434856,2.0,121.8,851.0,608.0,574.0,486.2,572.0
0.8952622673434856,2.0,121.8,852.0,608.0,574.0,486.2,572.0
0.8981387478849407,59.4,61.0,853.0,608.0,574.0,547.0,514.6
0.9010152284263959,116.8,0.2,854.0,608.0,574.0,607.8,457.2
0.8952622673434856,2.0,121.8,855.0,608.0,574.0,486.2,572.0
0.8981387478849407,59.4,61.0,856.0,608.0,574.0,547.0,514.6
0.8981387478849407,59.4,61.0,857.0,608.0,574.0,547.0,514.6
0.946615905245347,2.1,61.0,858.0,608.0,574.0,547.0,571.9
0.946615905245347,2.1,61.0,859.0,608.0,574.0,547.0,571.9
0.946615905245347,2.1,61.0,860.0,608.0,574.0,547.0,571.9
0.9494923857868021,59.5,0.2,861.0,608.0,574.0,607.8,514.5
0.946615905245347,2.1,61.0,862.0,608.0,574.0,547.0,571.9
0.946615905245347,2.1,61.0,863.0,608.0,574.0,547.0,571.9
0.9494923857868021,59.5,0.2,864.0,608.0,574.0,607.8,514.5
0.9494923857868021,59.5,0.2,865.0,608.0,574.0,607.8,514.5
0.9494923857868021,59.5,0.2,866.0,608.0,574.0,607.8,514.5
0.946615905245347,2.1,61.0,867.0,608.0,574.0,547.0,571.9
0.946615905245347,2.1,61.0,868.0,608.0,574.0,547.0,571.9
0.946615905245347,2.1,61.0,869.0,608.0,574.0,547.0,571.9
0.946615905245347,2.1,61.0,870.0,608.0,574.0,547.0,571.9
0.946615905245347,2.1,61.0,871.0,608.0,574.0,547.0,571.9
0.946615905245347,2.1,61.0,872.0,608.0,574.0,547.0,571.9
0.946615905245347,2.1,61.0,873.0,608.0,574.0,547.0,571.9
0.946615905245347,2.1,61.0,874.0,608.0,574.0,547.0,571.9
0.9494923857868021,59.5,0.2,875.0,608.0,574.0,607.8,514.5
0.9494923857868021,59.5,0.2,876.0,608.0,574.0,607.8,514.5
0.9494923857868021,59.5,0.2,877.0,608.0,574.0,607.8,514.5
0.946615905245347,2.1,61.0,878.0,608.0,574.0,547.0,571.9
0.946615905245347,2.1,61.0,879.0,608.0,574.0,547.0,571.9
0.946615905245347,2.1,61.0,880.0,608.0,574.0,547.0,571.9
0.9494923857868021,59.5,0.2,881.0,608.0,574.0,607.8,514.5
0.946615905245347,2.1,61.0,882.0,608.0,574.0,547.0,571.9
0.9494923857868021,59.5,0.2,883.0,608.0,574.0,607.8,514.5
0.9494923857868021,59.5,0.2,884.0,608.0,574.0,607.8,514.5
0.9494923857868021,59.5,0.2,885.0,608.0,574.0,607.8,514.5
0.9494923857868021,59.5,0.2,886.0,608.0,574.0,607.8,514.5
0.9494923857868021,59.5,0.2,887.0,608.0,574.0,607.8,514.5
0.9494923857868021,59.5,0.2,888.0,608.0,574.0,607.8,514.5
0.9494923857868021,59.5,0.2,889.0,608.0,574.0,607.8,514.5
0.9494923857868021,59.5,0.2,890.0,608.0,574.0,607.8,514.5
0.9494923857868021,59.5,0.2,891.0,608.0,574.0,607.8,514.5
0.9494923857868021,59.5,0.2,892.0,608.0,574.0,607.8,514.5
0.9494923857868021,59.5,0.2,893.0,608.0,574.0,607.8,514.5
0.9494923857868021,59.5,0.2,894.0,608.0,574.0,607.8,514.5
0.946615905245347,2.1,61.0,895.0,608.0,574.0,547.0,571.9
0.9494923857868021,59.5,0.2,896.0,608.0,574.0,607.8,514.5
0.9494923857868021,59.5,0.2,897.0,608.0,574.0,607.8,514.5
0.9494923857868021,59.5,0.2,898.0,608.0,574.0,607.8,514.5
0.9494923857868021,59.5,0.2,899.0,608.0,574.0,607.8,514.5
0.9494923857868021,59.5,0.2,900.0,608.0,574.0,607.8,514.5
0.9494923857868021,59.5,0.2,901.0,608.0,574.0,607.8,514.5
0.9494923857868021,59.5,0.2,902.0,608.0,574.0,607.8,514.5
0.946615905245347,2.1,61.0,903.0,608.0,574.0,547.0,571.9
0.9494923857868021,59.5,0.2,904.0,608.0,574.0,607.8,514.5
0.9494923857868021,59.5,0.2,905.0,608.0,574.0,607.8,514.5
0.946615905245347,2.1,61.0,906.0,608.0,574.0,547.0,571.9
0.9494923857868021,59.5,0.2,907.0,608.0,574.0,607.8,514.5
0.946615905245347,2.1,61.0,908.0,608.0,574.0,547.0,571.9
0.946615905245347,2.1,61.0,909.0,608.0,574.0,547.0,571.9
0.9494923857868021,59.5,0.2,910.0,608.0,574.0,607.8,514.5
0.9494923857868021,59.5,0.2,911.0,608.0,574.0,607.8,514.5
0.9494923857868021,59.5,0.2,912.0,608.0,574.0,607.8,514.5
0.9494923857868021,59.5,0.2,913.0,608.0,574.0,607.8,514.5
0.9494923857868021,59.5,0.2,914.0,608.0,574.0,607.8,514.5
0.9978849407783418,2.3,0.2,915.0,608.0,574.0,607.8,571.7
0.9978849407783418,2.3,0.2,916.0,608.0,574.0,607.8,571.7
0.9978849407783418,2.3,0.2,917.0,608.0,574.0,607.8,571.7
0.9978849407783418,2.3,0.2,918.0,608.0,574.0,607.8,571.7
0.9978849407783418,2.3,0.2,919.0,608.0,574.0,607.8,571.7
0.9978849407783418,2.3,0.2,920.0,608.0,574.0,607.8,571.7
0.9978849407783418,2.3,0.2,921.0,608.0,574.0,607.8,571.7
0.9978849407783418,2.3,0.2,922.0,608.0,574.0,607.8,571.7
0.9978849407783418,2.3,0.2,923.0,608.0,574.0,607.8,571.7
0.9978849407783418,2.3,0.2,924.0,608.0,574.0,607.8,571.7
0.9978849407783418,2.3,0.2,925.0,608.0,574.0,607.8,571.7
0.9978849407783418,2.3,0.2,926.0,608.0,574.0,607.8,571.7
0.9978849407783418,2.3,0.2,927.0,608.0,574.0,607.8,571.7
0.9978849407783418,2.3,0.2,928.0,608.0,574.0,607.8,571.7
0.9978849407783418,2.3,0.2,929.0,608.0,574.0,607.8,571.7
0.9978849407783418,2.3,0.2,930.0,608.0,574.0,607.8,571.7
0.9978849407783418,2.3,0.2,931.0,608.0,574.0,607.8,571.7
0.9978849407783418,2.3,0.2,932.0,608.0,574.0,607.8,571.7
0.9978849407783418,2.3,0.2,933.0,608.0,574.0,607.8,571.7
0.9978849407783418,2.3,0.2,934.0,608.0,574.0,607.8,571.7
0.9978849407783418,2.3,0.2,935.0,608.0,574.0,607.8,571.7
0.9978849407783418,2.3,0.2,936.0,608.0,574.0,607.8,571.7
0.9978849407783418,2.3,0.2,937.0,608.0,574.0,607.8,571.7
0.9978849407783418,2.3,0.2,938.0,608.0,574.0,607.8,571.7
0.9978849407783418,2.3,0.2,939.0,608.0,574.0,607.8,571.7
0.9978849407783418,2.3,0.2,940.0,608.0,574.0,607.8,571.7
0.9978849407783418,2.3,0.2,941.0,608.0,574.0,607.8,571.7
0.9978849407783418,2.3,0.2,942.0,608.0,574.0,607.8,571.7
0.9978849407783418,2.3,0.2,943.0,608.0,574.0,607.8,571.7
0.9978849407783418,2.3,0.2,944.0,608.0,574.0,607.8,571.7
0.9978849407783418,2.3,0.2,945.0,608.0,574.0,607.8,571.7
0.9978849407783418,2.3,0.2,946.0,608.0,574.0,607.8,571.7
0.9978849407783418,2.3,0.2,947.0,608.0,574.0,607.8,571.7
0.9978849407783418,2.3,0.2,948.0,608.0,574.0,607.8,571.7
0.9978849407783418,2.3,0.2,949.0,608.0,574.0,607.8,571.7
0.9978849407783418,2.3,0.2,950.0,608.0,574.0,607.8,571.7
0.9978849407783418,2.3,0.2,951.0,608.0,574.0,607.8,571.7
0.9978849407783418,2.3,0.2,952.0,608.0,574.0,607.8,571.7
0.9978849407783418,2.3,0.2,953.0,608.0,574.0,607.8,571.7
0.9978849407783418,2.3,0.2,954.0,608.0,574.0,607.8,571.7
0.9978849407783418,2.3,0.2,955.0,608.0,574.0,607.8,571.7
0.9978849407783418,2.3,0.2,956.0,608.0,574.0,607.8,571.7
0.9978849407783418,2.3,0.2,957.0,608.0,574.0,607.8,571.7
0.9978849407783418,2.3,0.2,958.0,608.0,574.0,607.8,571.7
0.9978849407783418,2.3,0.2,959.0,608.0,574.0,607.8,571.7
0.9978849407783418,2.3,0.2,960.0,608.0,574.0,607.8,571.7
0.9978849407783418,2.3,0.2,961.0,608.0,574.0,607.8,571.7
0.9978849407783418,2.3,0.2,962.0,608.0,574.0,607.8,571.7
0.9978849407783418,2.3,0.2,963.0,608.0,574.0,607.8,571.7
0.9978849407783418,2.3,0.2,964.0,608.0,574.0,607.8,571.7
0.9978849407783418,2.3,0.2,965.0,608.0,574.0,607.8,571.7
0.9978849407783418,2.3,0.2,966.0,608.0,574.0,607.8,571.7
0.9978849407783418,2.3,0.2,967.0,608.0,574.0,607.8,571.7
0.9978849407783418,2.3,0.2,968.0,608.0,574.0,607.8,571.7
0.9978849407783418,2.3,0.2,969.0,608.0,574.0,607.8,571.7
0.9978849407783418,2.3,0.2,970.0,608.0,574.0,607.8,571.7
0.9978849407783418,2.3,0.2,971.0,608.0,574.0,607.8,571.7
0.9978849407783418,2.3,0.2,972.0,608.0,574.0,607.8,571.7
0.9978849407783418,2.3,0.2,973.0,608.0,574.0,607.8,571.7
0.9978849407783418,2.3,0.2,974.0,608.0,574.0,607.8,571.7
0.9978849407783418,2.3,0.2,975.0,608.0,574.0,607.8,571.7
0.9978849407783418,2.3,0.2,976.0,608.0,574.0,607.8,571.7
0.9978849407783418,2.3,0.2,977.0,608.0,574.0,607.8,571.7
0.9978849407783418,2.3,0.2,978.0,608.0,574.0,607.8,571.7
0.9978849407783418,2.3,0.2,979.0,608.0,574.0,607.8,571.7
0.9978849407783418,2.3,0.2,980.0,608.0,574.0,607.8,571.7
0.9978849407783418,2.3,0.2,981.0,608.0,574.0,607.8,571.7
0.9978849407783418,2.3,0.2,982.0,608.0,574.0,607.8,571.7
0.9978849407783418,2.3,0.2,983.0,608.0,574.0,607.8,571.7
0.9978849407783418,2.3,0.2,984.0,608.0,574.0,607.8,571.7
0.9978849407783418,2.3,0.2,985.0,608.0,574.0,607.8,571.7
0.9978849407783418,2.3,0.2,986.0,608.0,574.0,607.8,571.7
0.9978849407783418,2.3,0.2,987.0,608.0,574.0,607.8,571.7
0.9978849407783418,2.3,0.2,988.0,608.0,574.0,607.8,571.7
0.9978849407783418,2.3,0.2,989.0,608.0,574.0,607.8,571.7
0.9978849407783418,2.3,0.2,990.0,608.0,574.0,607.8,571.7
0.9978849407783418,2.3,0.2,991.0,608.0,574.0,607.8,571.7
0.9978849407783418,2.3,0.2,992.0,608.0,574.0,607.8,571.7
0.9978849407783418,2.3,0.2,993.0,608.0,574.0,607.8,571.7
0.9978849407783418,2.3,0.2,994.0,608.0,574.0,607.8,571.7
0.9978849407783418,2.3,0.2,995.0,608.0,574.0,607.8,571.7
0.9978849407783418,2.3,0.2,996.0,608.0,574.0,607.8,571.7
0.9978849407783418,2.3,0.2,997.0,608.0,574.0,607.8,571.7
0.9978849407783418,2.3,0.2,998.0,608.0,574.0,607.8,571.7
0.9978849407783418,2.3,0.2,999.0,608.0,574.0,607.8,571.7
